{"cameraMode":{"drawMode":0,"name":"Shaded","section":"Shading Mode"},"sceneLighting":true,"audioPlay":false,"sceneViewState":{"m_AlwaysRefresh":false,"showFog":true,"showSkybox":true,"showFlares":true,"showImageEffects":true,"showParticleSystems":true,"showVisualEffectGraphs":true,"m_FxEnabled":true},"in2DMode":false,"pivot":{"x":-1.2029941082000733,"y":4.707956314086914,"z":17.447120666503908},"rotation":{"x":0.007467806339263916,"y":0.9761118292808533,"z":-0.214496448636055,"w":0.03398612141609192},"size":4.166248798370361,"orthographic":false}