{"cameraMode":{"drawMode":0,"name":"Shaded","section":"Shading Mode"},"sceneLighting":true,"audioPlay":false,"sceneViewState":{"m_AlwaysRefresh":false,"showFog":true,"showSkybox":true,"showFlares":true,"showImageEffects":true,"showParticleSystems":true,"showVisualEffectGraphs":true,"m_FxEnabled":true},"in2DMode":false,"pivot":{"x":-0.02290121093392372,"y":7.300429344177246,"z":-13.638033866882325},"rotation":{"x":-0.13339443504810334,"y":0.015458889305591584,"z":-0.002083613071590662,"w":-0.9909442067146301},"size":0.8660253882408142,"orthographic":false}